{"track0": {"Whistle Podu (From \"The Greatest Of All Time\")": {"1": {"artist id": "0fhunuOz2OuOEr3YK5ctSm", "artist_name": "Thalapathy Vijay", "external url": "https://api.spotify.com/v1/artists/0fhunuOz2OuOEr3YK5ctSm"}, "2": {"artist id": "6AiX12wXdXFoGJ2vk8zBjy", "artist_name": "Yuvan Shankar Raja", "external url": "https://api.spotify.com/v1/artists/6AiX12wXdXFoGJ2vk8zBjy"}, "3": {"artist id": "6EtLhQRslM09DO6EQLzodI", "artist_name": "Madan Karky", "external url": "https://api.spotify.com/v1/artists/6EtLhQRslM09DO6EQLzodI"}}}, "track1": {"Hayyoda (From \"Jawan\")": {"1": {"artist id": "4zCH9qm4R2DADamUHMCa6O", "artist_name": "Anirudh Ravichander", "external url": "https://api.spotify.com/v1/artists/4zCH9qm4R2DADamUHMCa6O"}, "2": {"artist id": "5PMrnGmlpH0l7Uc9DnnatM", "artist_name": "Priya Mali", "external url": "https://api.spotify.com/v1/artists/5PMrnGmlpH0l7Uc9DnnatM"}}}, "track2": {"Urugi Urugi (From \"Joe\")": {"1": {"artist id": "652AxOhhHWM3oxqY82UhQ9", "artist_name": "Siddhu Kumar", "external url": "https://api.spotify.com/v1/artists/652AxOhhHWM3oxqY82UhQ9"}, "2": {"artist id": "5hMqWI3uRKI3hVaSVjgBvu", "artist_name": "Vignesh Ramakrishna", "external url": "https://api.spotify.com/v1/artists/5hMqWI3uRKI3hVaSVjgBvu"}, "3": {"artist id": "03Q99mwmSqlbQo2iGtpE0g", "artist_name": "Anand Aravindakshan", "external url": "https://api.spotify.com/v1/artists/03Q99mwmSqlbQo2iGtpE0g"}}}, "track3": {"Aradhya (From \"Kushi\") (Tamil)": {"1": {"artist id": "50iBEPSw6kQ8GQkumXz7XZ", "artist_name": "Hesham Abdul Wahab", "external url": "https://api.spotify.com/v1/artists/50iBEPSw6kQ8GQkumXz7XZ"}, "2": {"artist id": "5UJ2sHO2ELrgW6aXeRLTQQ", "artist_name": "Chinmayi", "external url": "https://api.spotify.com/v1/artists/5UJ2sHO2ELrgW6aXeRLTQQ"}, "3": {"artist id": "0MC4IRJmruzbwPInw7vmL7", "artist_name": "Madhan Karky", "external url": "https://api.spotify.com/v1/artists/0MC4IRJmruzbwPInw7vmL7"}}}, "track4": {"Maamadura (From \"Jigarthanda DoubleX\")": {"1": {"artist id": "5FVBduYaeVBb6JIghza7v6", "artist_name": "Santhosh Narayanan", "external url": "https://api.spotify.com/v1/artists/5FVBduYaeVBb6JIghza7v6"}, "2": {"artist id": "77YvCBWe0tTLygpgSJsdOH", "artist_name": "Dhee", "external url": "https://api.spotify.com/v1/artists/77YvCBWe0tTLygpgSJsdOH"}, "3": {"artist id": "25Pa1Vz1ZuTHmXPiYeMcgx", "artist_name": "Vivek", "external url": "https://api.spotify.com/v1/artists/25Pa1Vz1ZuTHmXPiYeMcgx"}}}, "track5": {"Adhirudha (From \"Mark Antony\")": {"1": {"artist id": "5VVN3xZw1i2qihfITZlvCZ", "artist_name": "G. V. Prakash", "external url": "https://api.spotify.com/v1/artists/5VVN3xZw1i2qihfITZlvCZ"}, "2": {"artist id": "4UDzzsfKqZUs5bDy3cisle", "artist_name": "T. Rajendar", "external url": "https://api.spotify.com/v1/artists/4UDzzsfKqZUs5bDy3cisle"}, "3": {"artist id": "4b1WCDqAVVgxK7KozLkOqc", "artist_name": "Asal Kolaar", "external url": "https://api.spotify.com/v1/artists/4b1WCDqAVVgxK7KozLkOqc"}}}, "track6": {"Hukum - Thalaivar Alappara (From \"Jailer\")": {"1": {"artist id": "4zCH9qm4R2DADamUHMCa6O", "artist_name": "Anirudh Ravichander", "external url": "https://api.spotify.com/v1/artists/4zCH9qm4R2DADamUHMCa6O"}, "2": {"artist id": "6sXT8Cggm4tmoxhVjaUVs0", "artist_name": "Super Subu", "external url": "https://api.spotify.com/v1/artists/6sXT8Cggm4tmoxhVjaUVs0"}}}, "track7": {"Naa Ready (From \"Leo\")": {"1": {"artist id": "4zCH9qm4R2DADamUHMCa6O", "artist_name": "Anirudh Ravichander", "external url": "https://api.spotify.com/v1/artists/4zCH9qm4R2DADamUHMCa6O"}, "2": {"artist id": "0fhunuOz2OuOEr3YK5ctSm", "artist_name": "Thalapathy Vijay", "external url": "https://api.spotify.com/v1/artists/0fhunuOz2OuOEr3YK5ctSm"}, "3": {"artist id": "4b1WCDqAVVgxK7KozLkOqc", "artist_name": "Asal Kolaar", "external url": "https://api.spotify.com/v1/artists/4b1WCDqAVVgxK7KozLkOqc"}}}, "track8": {"Adheeraa (From \"Cobra\")": {"1": {"artist id": "1mYsTxnqsietFxj1OgoGbG", "artist_name": "A.R. Rahman", "external url": "https://api.spotify.com/v1/artists/1mYsTxnqsietFxj1OgoGbG"}, "2": {"artist id": "2HrVY7Ev6LS8I38EfJvMtV", "artist_name": "Vagu Mazan", "external url": "https://api.spotify.com/v1/artists/2HrVY7Ev6LS8I38EfJvMtV"}, "3": {"artist id": "6UZh26X3rn1LVK5lLn4FoG", "artist_name": "Thoughtsfornow", "external url": "https://api.spotify.com/v1/artists/6UZh26X3rn1LVK5lLn4FoG"}}}, "track9": {"Veera Soora (From \"Naane Varuvean\")": {"1": {"artist id": "6AiX12wXdXFoGJ2vk8zBjy", "artist_name": "Yuvan Shankar Raja", "external url": "https://api.spotify.com/v1/artists/6AiX12wXdXFoGJ2vk8zBjy"}}}, "track10": {"Modern Love (Chennai) [Original Series Soundtrack]": {"1": {"artist id": "3TUNkjIHkcvEy9oeK2D4hU", "artist_name": "Sean Roldan", "external url": "https://api.spotify.com/v1/artists/3TUNkjIHkcvEy9oeK2D4hU"}}}, "track11": {"Naan Gaali (From \"Good Night\")": {"1": {"artist id": "3TUNkjIHkcvEy9oeK2D4hU", "artist_name": "Sean Roldan", "external url": "https://api.spotify.com/v1/artists/3TUNkjIHkcvEy9oeK2D4hU"}, "2": {"artist id": "5ZBar35f3oB1F9TcWAa3ma", "artist_name": "Mohan Rajan", "external url": "https://api.spotify.com/v1/artists/5ZBar35f3oB1F9TcWAa3ma"}}}, "track12": {"Iraivi (Original Motion Picture Soundtrack)": {"1": {"artist id": "5FVBduYaeVBb6JIghza7v6", "artist_name": "Santhosh Narayanan", "external url": "https://api.spotify.com/v1/artists/5FVBduYaeVBb6JIghza7v6"}}}, "track13": {"Ranjithame (From \"Varisu\")": {"1": {"artist id": "0fhunuOz2OuOEr3YK5ctSm", "artist_name": "Thalapathy Vijay", "external url": "https://api.spotify.com/v1/artists/0fhunuOz2OuOEr3YK5ctSm"}, "2": {"artist id": "3JGrxsZ6kfzJrfwsxwERhS", "artist_name": "M.M.Manasi", "external url": "https://api.spotify.com/v1/artists/3JGrxsZ6kfzJrfwsxwERhS"}, "3": {"artist id": "2FgHPfRprDaylrSRVf1UlN", "artist_name": "Thaman S", "external url": "https://api.spotify.com/v1/artists/2FgHPfRprDaylrSRVf1UlN"}}}, "track14": {"Arabic Kuthu - Halamithi Habibo (From \"Beast\")": {"1": {"artist id": "4zCH9qm4R2DADamUHMCa6O", "artist_name": "Anirudh Ravichander", "external url": "https://api.spotify.com/v1/artists/4zCH9qm4R2DADamUHMCa6O"}, "2": {"artist id": "00sCATpEvwH48ays7PlQFU", "artist_name": "Jonita Gandhi", "external url": "https://api.spotify.com/v1/artists/00sCATpEvwH48ays7PlQFU"}}}, "track15": {"Prince (Tamil)": {"1": {"artist id": "4zCH9qm4R2DADamUHMCa6O", "artist_name": "Anirudh Ravichander", "external url": "https://api.spotify.com/v1/artists/4zCH9qm4R2DADamUHMCa6O"}, "2": {"artist id": "4svvMm4TQnkphZJfhLCzzv", "artist_name": "Ramya Behara", "external url": "https://api.spotify.com/v1/artists/4svvMm4TQnkphZJfhLCzzv"}, "3": {"artist id": "01dP5AXWzqsUZj4VIcUSDM", "artist_name": "Sahithi Chaganti", "external url": "https://api.spotify.com/v1/artists/01dP5AXWzqsUZj4VIcUSDM"}}}, "track16": {"Ennai Vittu (From \"Love Today\")": {"1": {"artist id": "6AiX12wXdXFoGJ2vk8zBjy", "artist_name": "Yuvan Shankar Raja", "external url": "https://api.spotify.com/v1/artists/6AiX12wXdXFoGJ2vk8zBjy"}, "2": {"artist id": "7qjJw7ZM2ekDSahLXPjIlN", "artist_name": "Sid Sriram", "external url": "https://api.spotify.com/v1/artists/7qjJw7ZM2ekDSahLXPjIlN"}}}, "track17": {"Thenmozhi (From \"Thiruchitrambalam\")": {"1": {"artist id": "5FVBduYaeVBb6JIghza7v6", "artist_name": "Santhosh Narayanan", "external url": "https://api.spotify.com/v1/artists/5FVBduYaeVBb6JIghza7v6"}, "2": {"artist id": "4zCH9qm4R2DADamUHMCa6O", "artist_name": "Anirudh Ravichander", "external url": "https://api.spotify.com/v1/artists/4zCH9qm4R2DADamUHMCa6O"}}}, "track18": {"Vendhu Thanindhathu Kaadu (Original Motion Picture Soundtrack)": {"1": {"artist id": "1mYsTxnqsietFxj1OgoGbG", "artist_name": "A.R. Rahman", "external url": "https://api.spotify.com/v1/artists/1mYsTxnqsietFxj1OgoGbG"}, "2": {"artist id": "1EKK9k0IAwV1oeJfZITSYo", "artist_name": "Madhushree", "external url": "https://api.spotify.com/v1/artists/1EKK9k0IAwV1oeJfZITSYo"}}}, "track19": {"Love Today (Original Motion Picture Soundtrack)": {"1": {"artist id": "6AiX12wXdXFoGJ2vk8zBjy", "artist_name": "Yuvan Shankar Raja", "external url": "https://api.spotify.com/v1/artists/6AiX12wXdXFoGJ2vk8zBjy"}, "2": {"artist id": "4o0KXeyOSB2BftArHVnsyG", "artist_name": "Mathichiyam Bala", "external url": "https://api.spotify.com/v1/artists/4o0KXeyOSB2BftArHVnsyG"}}}, "track20": {"Love Today (Original Motion Picture Soundtrack)": {"1": {"artist id": "6AiX12wXdXFoGJ2vk8zBjy", "artist_name": "Yuvan Shankar Raja", "external url": "https://api.spotify.com/v1/artists/6AiX12wXdXFoGJ2vk8zBjy"}}}, "track21": {"Kanja Poovu Kannala (From \"Viruman\")": {"1": {"artist id": "6AiX12wXdXFoGJ2vk8zBjy", "artist_name": "Yuvan Shankar Raja", "external url": "https://api.spotify.com/v1/artists/6AiX12wXdXFoGJ2vk8zBjy"}, "2": {"artist id": "7qjJw7ZM2ekDSahLXPjIlN", "artist_name": "Sid Sriram", "external url": "https://api.spotify.com/v1/artists/7qjJw7ZM2ekDSahLXPjIlN"}}}, "track22": {"Thangamagan (Original Motion Picture Soundtrack)": {"1": {"artist id": "4zCH9qm4R2DADamUHMCa6O", "artist_name": "Anirudh Ravichander", "external url": "https://api.spotify.com/v1/artists/4zCH9qm4R2DADamUHMCa6O"}, "2": {"artist id": "1rdQOMFFtoskDXXUVjiGo9", "artist_name": "Shweta Mohan", "external url": "https://api.spotify.com/v1/artists/1rdQOMFFtoskDXXUVjiGo9"}}}, "track23": {"Private Party (From \"Don\")": {"1": {"artist id": "4zCH9qm4R2DADamUHMCa6O", "artist_name": "Anirudh Ravichander", "external url": "https://api.spotify.com/v1/artists/4zCH9qm4R2DADamUHMCa6O"}, "2": {"artist id": "00sCATpEvwH48ays7PlQFU", "artist_name": "Jonita Gandhi", "external url": "https://api.spotify.com/v1/artists/00sCATpEvwH48ays7PlQFU"}}}, "track24": {"Raavanan (Original Motion Picture Soundtrack)": {"1": {"artist id": "1mYsTxnqsietFxj1OgoGbG", "artist_name": "A.R. Rahman", "external url": "https://api.spotify.com/v1/artists/1mYsTxnqsietFxj1OgoGbG"}, "2": {"artist id": "0LSPREIgGMZXCuKVel7LVD", "artist_name": "Karthik", "external url": "https://api.spotify.com/v1/artists/0LSPREIgGMZXCuKVel7LVD"}}}, "track25": {"Aayitha Ezhutu (Original Motion Picture Soundtrack)": {"1": {"artist id": "1mYsTxnqsietFxj1OgoGbG", "artist_name": "A.R. Rahman", "external url": "https://api.spotify.com/v1/artists/1mYsTxnqsietFxj1OgoGbG"}, "2": {"artist id": "5UqyE5tsMWcrOAjOtROW6B", "artist_name": "Sunitha Sarathy", "external url": "https://api.spotify.com/v1/artists/5UqyE5tsMWcrOAjOtROW6B"}, "3": {"artist id": "5wXcLr5v9cv5IAPkcFBvBT", "artist_name": "Pop Shalini", "external url": "https://api.spotify.com/v1/artists/5wXcLr5v9cv5IAPkcFBvBT"}}}, "track26": {"Viruman (Original Motion Picture Soundtrack)": {"1": {"artist id": "6AiX12wXdXFoGJ2vk8zBjy", "artist_name": "Yuvan Shankar Raja", "external url": "https://api.spotify.com/v1/artists/6AiX12wXdXFoGJ2vk8zBjy"}, "2": {"artist id": "5xLJfbHjlXr4OYawjoGhE8", "artist_name": "Aditi Shankar", "external url": "https://api.spotify.com/v1/artists/5xLJfbHjlXr4OYawjoGhE8"}}}, "track27": {"The Warriorr (Tamil)": {"1": {"artist id": "5sSzCxHtgL82pYDvx2QyEU", "artist_name": "Devi Sri Prasad", "external url": "https://api.spotify.com/v1/artists/5sSzCxHtgL82pYDvx2QyEU"}, "2": {"artist id": "5Hn84AFwiTEi8eMoI5B9AS", "artist_name": "Silambarasan TR", "external url": "https://api.spotify.com/v1/artists/5Hn84AFwiTEi8eMoI5B9AS"}, "3": {"artist id": "1CUAEnzS0hidDnH66AUS3h", "artist_name": "Haripriya", "external url": "https://api.spotify.com/v1/artists/1CUAEnzS0hidDnH66AUS3h"}}}, "track28": {"Dippam Dappam (From \"Kaathuvaakula Rendu Kaadhal\")": {"1": {"artist id": "4zCH9qm4R2DADamUHMCa6O", "artist_name": "Anirudh Ravichander", "external url": "https://api.spotify.com/v1/artists/4zCH9qm4R2DADamUHMCa6O"}, "2": {"artist id": "1lDx24tVvy8JVKOVjnlJfv", "artist_name": "Anthony Daasan", "external url": "https://api.spotify.com/v1/artists/1lDx24tVvy8JVKOVjnlJfv"}}}, "track29": {"Thaai Kelavi (From \"Thiruchitrambalam\")": {"1": {"artist id": "2F3KtUVtrt2GLjcl6pB4cz", "artist_name": "Dhanush", "external url": "https://api.spotify.com/v1/artists/2F3KtUVtrt2GLjcl6pB4cz"}, "2": {"artist id": "4zCH9qm4R2DADamUHMCa6O", "artist_name": "Anirudh Ravichander", "external url": "https://api.spotify.com/v1/artists/4zCH9qm4R2DADamUHMCa6O"}}}, "track30": {"Jolly O Gymkhana (From \"Beast\")": {"1": {"artist id": "0fhunuOz2OuOEr3YK5ctSm", "artist_name": "Thalapathy Vijay", "external url": "https://api.spotify.com/v1/artists/0fhunuOz2OuOEr3YK5ctSm"}, "2": {"artist id": "4zCH9qm4R2DADamUHMCa6O", "artist_name": "Anirudh Ravichander", "external url": "https://api.spotify.com/v1/artists/4zCH9qm4R2DADamUHMCa6O"}}}, "track31": {"Porkanda Singam (EDM Version) [From \"Vikram\"]": {"1": {"artist id": "4zCH9qm4R2DADamUHMCa6O", "artist_name": "Anirudh Ravichander", "external url": "https://api.spotify.com/v1/artists/4zCH9qm4R2DADamUHMCa6O"}}}, "track32": {"Jalabulajangu (From \"Don\")": {"1": {"artist id": "4zCH9qm4R2DADamUHMCa6O", "artist_name": "Anirudh Ravichander", "external url": "https://api.spotify.com/v1/artists/4zCH9qm4R2DADamUHMCa6O"}, "2": {"artist id": "6R33h8YbB5fFg8RdJdQ6bL", "artist_name": "Rokesh", "external url": "https://api.spotify.com/v1/artists/6R33h8YbB5fFg8RdJdQ6bL"}}}, "track33": {"Pathala Pathala (From \"Vikram\")": {"1": {"artist id": "4zCH9qm4R2DADamUHMCa6O", "artist_name": "Anirudh Ravichander", "external url": "https://api.spotify.com/v1/artists/4zCH9qm4R2DADamUHMCa6O"}, "2": {"artist id": "5asJ8jtjk36r5PW5upyJm6", "artist_name": "Kamal Haasan", "external url": "https://api.spotify.com/v1/artists/5asJ8jtjk36r5PW5upyJm6"}}}, "track34": {"Vikram (Original Motion Picture Soundtrack)": {"1": {"artist id": "4zCH9qm4R2DADamUHMCa6O", "artist_name": "Anirudh Ravichander", "external url": "https://api.spotify.com/v1/artists/4zCH9qm4R2DADamUHMCa6O"}}}, "track35": {"Kgf Chapter 2": {"1": {"artist id": "4JczWHls9n9VpTHnqO2IG8", "artist_name": "Ananya Bhat", "external url": "https://api.spotify.com/v1/artists/4JczWHls9n9VpTHnqO2IG8"}}}, "track36": {"Bachelor (Original Motion Picture Soundtrack)": {"1": {"artist id": "1QHr8p3h0ayWLaaYK0X6bi", "artist_name": "Dhibu Ninan Thomas", "external url": "https://api.spotify.com/v1/artists/1QHr8p3h0ayWLaaYK0X6bi"}, "2": {"artist id": "0nMjhemqRwrboQGcs92fh2", "artist_name": "Kapil Kapilan", "external url": "https://api.spotify.com/v1/artists/0nMjhemqRwrboQGcs92fh2"}}}, "track37": {"Mudhal Nee Mudivum Nee Title Track (From \"Mudhal Nee Mudivum Nee\")": {"1": {"artist id": "5t97rjifUl8d4HNwSzbCv9", "artist_name": "Darbuka Siva", "external url": "https://api.spotify.com/v1/artists/5t97rjifUl8d4HNwSzbCv9"}, "2": {"artist id": "7qjJw7ZM2ekDSahLXPjIlN", "artist_name": "Sid Sriram", "external url": "https://api.spotify.com/v1/artists/7qjJw7ZM2ekDSahLXPjIlN"}}}, "track38": {"Tum Tum (From \"Enemy - Tamil\")": {"1": {"artist id": "2FgHPfRprDaylrSRVf1UlN", "artist_name": "Thaman S", "external url": "https://api.spotify.com/v1/artists/2FgHPfRprDaylrSRVf1UlN"}, "2": {"artist id": "6bmhUYiasV6rSORgLmHYZ4", "artist_name": "Srivardhani Kuchi", "external url": "https://api.spotify.com/v1/artists/6bmhUYiasV6rSORgLmHYZ4"}, "3": {"artist id": "0RVVocHucskI9ump9JUJyv", "artist_name": "Aditi", "external url": "https://api.spotify.com/v1/artists/0RVVocHucskI9ump9JUJyv"}, "4": {"artist id": "1GcAgSs5t6sadg2O8efjEu", "artist_name": "Satya Yamini", "external url": "https://api.spotify.com/v1/artists/1GcAgSs5t6sadg2O8efjEu"}, "5": {"artist id": "4ZWAzDyWt9NdjhvZvTaM5U", "artist_name": "Roshini", "external url": "https://api.spotify.com/v1/artists/4ZWAzDyWt9NdjhvZvTaM5U"}, "6": {"artist id": "22KTsf5b5SeYNOypXpyYBr", "artist_name": "Tejaswini", "external url": "https://api.spotify.com/v1/artists/22KTsf5b5SeYNOypXpyYBr"}}}, "track39": {"Bae (From \"Don\")": {"1": {"artist id": "4zCH9qm4R2DADamUHMCa6O", "artist_name": "Anirudh Ravichander", "external url": "https://api.spotify.com/v1/artists/4zCH9qm4R2DADamUHMCa6O"}, "2": {"artist id": "2AQwMDyDvgpZcHLITOpgpm", "artist_name": "Adithya RK", "external url": "https://api.spotify.com/v1/artists/2AQwMDyDvgpZcHLITOpgpm"}}}, "track40": {"Two Two Two (From \"Kaathuvaakula Rendu Kaadhal\")": {"1": {"artist id": "4zCH9qm4R2DADamUHMCa6O", "artist_name": "Anirudh Ravichander", "external url": "https://api.spotify.com/v1/artists/4zCH9qm4R2DADamUHMCa6O"}, "2": {"artist id": "3eDT9fwXKuHWFvgZaaYC5v", "artist_name": "Sunidhi Chauhan", "external url": "https://api.spotify.com/v1/artists/3eDT9fwXKuHWFvgZaaYC5v"}, "3": {"artist id": "4zQpCebYLmlfG8Cw43xdtZ", "artist_name": "Sanjana Kalmanje", "external url": "https://api.spotify.com/v1/artists/4zQpCebYLmlfG8Cw43xdtZ"}}}, "track41": {"Vaathi Coming (From \"Master\")": {"1": {"artist id": "4zCH9qm4R2DADamUHMCa6O", "artist_name": "Anirudh Ravichander", "external url": "https://api.spotify.com/v1/artists/4zCH9qm4R2DADamUHMCa6O"}, "2": {"artist id": "1GH0DojDQJeEKQ4BDMShAL", "artist_name": "Gana Balachandar", "external url": "https://api.spotify.com/v1/artists/1GH0DojDQJeEKQ4BDMShAL"}}}, "track42": {"Chellamma (From \"Doctor\")": {"1": {"artist id": "4zCH9qm4R2DADamUHMCa6O", "artist_name": "Anirudh Ravichander", "external url": "https://api.spotify.com/v1/artists/4zCH9qm4R2DADamUHMCa6O"}, "2": {"artist id": "00sCATpEvwH48ays7PlQFU", "artist_name": "Jonita Gandhi", "external url": "https://api.spotify.com/v1/artists/00sCATpEvwH48ays7PlQFU"}}}, "track43": {"Naattu Koothu (From \"Rrr\")": {"1": {"artist id": "1H4ZvA2yyK7wCmbvEUWvPn", "artist_name": "Rahul Sipligunj", "external url": "https://api.spotify.com/v1/artists/1H4ZvA2yyK7wCmbvEUWvPn"}, "2": {"artist id": "2pVurQy6iuWWx707gilSdX", "artist_name": "Yazin Nizar", "external url": "https://api.spotify.com/v1/artists/2pVurQy6iuWWx707gilSdX"}, "3": {"artist id": "1bRcW8SnU3AKrhzxnbdR64", "artist_name": "Maragadhamani", "external url": "https://api.spotify.com/v1/artists/1bRcW8SnU3AKrhzxnbdR64"}}}, "track44": {"Pushpa - The Rise": {"1": {"artist id": "5yoqPvofOHrBc3Z6VZyTsj", "artist_name": "Andrea Jeremiah", "external url": "https://api.spotify.com/v1/artists/5yoqPvofOHrBc3Z6VZyTsj"}}}, "track45": {"Kgf Chapter 2": {"1": {"artist id": "5iFKS1bnBNFWBAmd7mi0vf", "artist_name": "Deepak Blue", "external url": "https://api.spotify.com/v1/artists/5iFKS1bnBNFWBAmd7mi0vf"}, "2": {"artist id": "2XzJ8aeBoI3YXBnaYVgDUh", "artist_name": "Govind Prasad", "external url": "https://api.spotify.com/v1/artists/2XzJ8aeBoI3YXBnaYVgDUh"}, "3": {"artist id": "4n32jWbOVtfNDsOJAGQJcs", "artist_name": "Yogi Sekar", "external url": "https://api.spotify.com/v1/artists/4n32jWbOVtfNDsOJAGQJcs"}, "4": {"artist id": "2U4KiBePibvnd8BIXtBvk7", "artist_name": "Mohan Krishna", "external url": "https://api.spotify.com/v1/artists/2U4KiBePibvnd8BIXtBvk7"}, "5": {"artist id": "1gpRRYfNURm0XJCyxUuH8Q", "artist_name": "Santhosh Venky", "external url": "https://api.spotify.com/v1/artists/1gpRRYfNURm0XJCyxUuH8Q"}, "6": {"artist id": "6CdktQ3MYk5JwJHq1OajZG", "artist_name": "Sachin Basrur", "external url": "https://api.spotify.com/v1/artists/6CdktQ3MYk5JwJHq1OajZG"}, "7": {"artist id": "2q1LRGJHpFxovU8Tz6OgRn", "artist_name": "Ravi Basrur", "external url": "https://api.spotify.com/v1/artists/2q1LRGJHpFxovU8Tz6OgRn"}, "8": {"artist id": "6oLN9TELPauBfctYeWPtYP", "artist_name": "Puneeth Rudranag", "external url": "https://api.spotify.com/v1/artists/6oLN9TELPauBfctYeWPtYP"}, "9": {"artist id": "3UUCWlU2bPEuKMAoUeiJBD", "artist_name": "Vaish", "external url": "https://api.spotify.com/v1/artists/3UUCWlU2bPEuKMAoUeiJBD"}}}, "track46": {"Kaattu Payale (From \"Soorarai Pottru\")": {"1": {"artist id": "5VVN3xZw1i2qihfITZlvCZ", "artist_name": "G. V. Prakash", "external url": "https://api.spotify.com/v1/artists/5VVN3xZw1i2qihfITZlvCZ"}, "2": {"artist id": "77YvCBWe0tTLygpgSJsdOH", "artist_name": "Dhee", "external url": "https://api.spotify.com/v1/artists/77YvCBWe0tTLygpgSJsdOH"}}}, "track47": {"Adipoli (From \"Think Originals\")": {"1": {"artist id": "652AxOhhHWM3oxqY82UhQ9", "artist_name": "Siddhu Kumar", "external url": "https://api.spotify.com/v1/artists/652AxOhhHWM3oxqY82UhQ9"}, "2": {"artist id": "2uocTdMBXjTsS7QmAj7src", "artist_name": "Vineeth Sreenivasan", "external url": "https://api.spotify.com/v1/artists/2uocTdMBXjTsS7QmAj7src"}, "3": {"artist id": "0VocNHCBQ7Mzn9jNOmuSmz", "artist_name": "K. Sivaangi", "external url": "https://api.spotify.com/v1/artists/0VocNHCBQ7Mzn9jNOmuSmz"}}}, "track48": {"Enjoy Enjaami": {"1": {"artist id": "77YvCBWe0tTLygpgSJsdOH", "artist_name": "Dhee", "external url": "https://api.spotify.com/v1/artists/77YvCBWe0tTLygpgSJsdOH"}, "2": {"artist id": "7rVV9d6vc4FLT752uRuk71", "artist_name": "Arivu", "external url": "https://api.spotify.com/v1/artists/7rVV9d6vc4FLT752uRuk71"}, "3": {"artist id": "5FVBduYaeVBb6JIghza7v6", "artist_name": "Santhosh Narayanan", "external url": "https://api.spotify.com/v1/artists/5FVBduYaeVBb6JIghza7v6"}}}, "track49": {"Dikkiloona (Original Motion Picture Soundtrack)": {"1": {"artist id": "6AiX12wXdXFoGJ2vk8zBjy", "artist_name": "Yuvan Shankar Raja", "external url": "https://api.spotify.com/v1/artists/6AiX12wXdXFoGJ2vk8zBjy"}, "2": {"artist id": "3m49WVMU4zCkaVEKb8kFW7", "artist_name": "Ilaiyaraaja", "external url": "https://api.spotify.com/v1/artists/3m49WVMU4zCkaVEKb8kFW7"}, "3": {"artist id": "0qS0rxCY4YfrUx9GCTlDIW", "artist_name": "Malaysia Vasudevan", "external url": "https://api.spotify.com/v1/artists/0qS0rxCY4YfrUx9GCTlDIW"}, "4": {"artist id": "5Xpg6PBSUOoho2lI9qLjiu", "artist_name": "S. Janaki", "external url": "https://api.spotify.com/v1/artists/5Xpg6PBSUOoho2lI9qLjiu"}}}, "track50": {"Rakita Rakita Rakita (From \"Jagame Thandhiram\")": {"1": {"artist id": "5FVBduYaeVBb6JIghza7v6", "artist_name": "Santhosh Narayanan", "external url": "https://api.spotify.com/v1/artists/5FVBduYaeVBb6JIghza7v6"}, "2": {"artist id": "2F3KtUVtrt2GLjcl6pB4cz", "artist_name": "Dhanush", "external url": "https://api.spotify.com/v1/artists/2F3KtUVtrt2GLjcl6pB4cz"}, "3": {"artist id": "77YvCBWe0tTLygpgSJsdOH", "artist_name": "Dhee", "external url": "https://api.spotify.com/v1/artists/77YvCBWe0tTLygpgSJsdOH"}}}, "track51": {"Bodhai Kaname (From \"Oh Manapenne\")": {"1": {"artist id": "0rL4uL3xfYOt2p7NHhS8qr", "artist_name": "Vishal Chandrashekhar", "external url": "https://api.spotify.com/v1/artists/0rL4uL3xfYOt2p7NHhS8qr"}, "2": {"artist id": "4zCH9qm4R2DADamUHMCa6O", "artist_name": "Anirudh Ravichander", "external url": "https://api.spotify.com/v1/artists/4zCH9qm4R2DADamUHMCa6O"}, "3": {"artist id": "12CpR4SNDzVIlDoPSeNFeW", "artist_name": "Shashaa Tirupati", "external url": "https://api.spotify.com/v1/artists/12CpR4SNDzVIlDoPSeNFeW"}}}, "track52": {"Vaathi": {"1": {"artist id": "5VVN3xZw1i2qihfITZlvCZ", "artist_name": "G. V. Prakash", "external url": "https://api.spotify.com/v1/artists/5VVN3xZw1i2qihfITZlvCZ"}, "2": {"artist id": "1rdQOMFFtoskDXXUVjiGo9", "artist_name": "Shweta Mohan", "external url": "https://api.spotify.com/v1/artists/1rdQOMFFtoskDXXUVjiGo9"}}}, "track53": {"Pacha Elai (From \"Love Today\")": {"1": {"artist id": "6AiX12wXdXFoGJ2vk8zBjy", "artist_name": "Yuvan Shankar Raja", "external url": "https://api.spotify.com/v1/artists/6AiX12wXdXFoGJ2vk8zBjy"}, "2": {"artist id": "4o0KXeyOSB2BftArHVnsyG", "artist_name": "Mathichiyam Bala", "external url": "https://api.spotify.com/v1/artists/4o0KXeyOSB2BftArHVnsyG"}}}, "track54": {"Love Today (Original Motion Picture Soundtrack)": {"1": {"artist id": "6AiX12wXdXFoGJ2vk8zBjy", "artist_name": "Yuvan Shankar Raja", "external url": "https://api.spotify.com/v1/artists/6AiX12wXdXFoGJ2vk8zBjy"}}}, "track55": {"Prince (Tamil)": {"1": {"artist id": "7rVV9d6vc4FLT752uRuk71", "artist_name": "Arivu", "external url": "https://api.spotify.com/v1/artists/7rVV9d6vc4FLT752uRuk71"}}}, "track56": {"Saachitale (From \"Love Today\")": {"1": {"artist id": "6AiX12wXdXFoGJ2vk8zBjy", "artist_name": "Yuvan Shankar Raja", "external url": "https://api.spotify.com/v1/artists/6AiX12wXdXFoGJ2vk8zBjy"}}}, "track57": {"Love Today (Original Motion Picture Soundtrack)": {"1": {"artist id": "6AiX12wXdXFoGJ2vk8zBjy", "artist_name": "Yuvan Shankar Raja", "external url": "https://api.spotify.com/v1/artists/6AiX12wXdXFoGJ2vk8zBjy"}, "2": {"artist id": "5Kx2ruxFSUGdqCG7kJtet1", "artist_name": "Pradeep Ranganathan", "external url": "https://api.spotify.com/v1/artists/5Kx2ruxFSUGdqCG7kJtet1"}, "3": {"artist id": "0r9tuwwUaIN8e9xh19ZoWr", "artist_name": "Savitha Reddy", "external url": "https://api.spotify.com/v1/artists/0r9tuwwUaIN8e9xh19ZoWr"}, "4": {"artist id": "666PYWUnhPbOc65Wzn745I", "artist_name": "A.U. Navin Krubhakar", "external url": "https://api.spotify.com/v1/artists/666PYWUnhPbOc65Wzn745I"}}}, "track58": {"Yaarum illa (From \"Naane Varuvean\")": {"1": {"artist id": "6AiX12wXdXFoGJ2vk8zBjy", "artist_name": "Yuvan Shankar Raja", "external url": "https://api.spotify.com/v1/artists/6AiX12wXdXFoGJ2vk8zBjy"}, "2": {"artist id": "1lDx24tVvy8JVKOVjnlJfv", "artist_name": "Anthony Daasan", "external url": "https://api.spotify.com/v1/artists/1lDx24tVvy8JVKOVjnlJfv"}}}, "track59": {"Marakkuma Nenjam (From \"Vendhu Thanindhathu Kaadu\")": {"1": {"artist id": "1mYsTxnqsietFxj1OgoGbG", "artist_name": "A.R. Rahman", "external url": "https://api.spotify.com/v1/artists/1mYsTxnqsietFxj1OgoGbG"}, "2": {"artist id": "6z3KmBBSYseegqLrRZXZxe", "artist_name": "Thamarai", "external url": "https://api.spotify.com/v1/artists/6z3KmBBSYseegqLrRZXZxe"}}}, "track60": {"Cobra (Original Motion Picture Soundtrack)": {"1": {"artist id": "1mYsTxnqsietFxj1OgoGbG", "artist_name": "A.R. Rahman", "external url": "https://api.spotify.com/v1/artists/1mYsTxnqsietFxj1OgoGbG"}, "2": {"artist id": "2HrVY7Ev6LS8I38EfJvMtV", "artist_name": "Vagu Mazan", "external url": "https://api.spotify.com/v1/artists/2HrVY7Ev6LS8I38EfJvMtV"}, "3": {"artist id": "6UZh26X3rn1LVK5lLn4FoG", "artist_name": "Thoughtsfornow", "external url": "https://api.spotify.com/v1/artists/6UZh26X3rn1LVK5lLn4FoG"}}}, "track61": {"Viruman (Original Motion Picture Soundtrack)": {"1": {"artist id": "6AiX12wXdXFoGJ2vk8zBjy", "artist_name": "Yuvan Shankar Raja", "external url": "https://api.spotify.com/v1/artists/6AiX12wXdXFoGJ2vk8zBjy"}, "2": {"artist id": "7qjJw7ZM2ekDSahLXPjIlN", "artist_name": "Sid Sriram", "external url": "https://api.spotify.com/v1/artists/7qjJw7ZM2ekDSahLXPjIlN"}}}, "track62": {"Vikram (Original Background Score)": {"1": {"artist id": "4zCH9qm4R2DADamUHMCa6O", "artist_name": "Anirudh Ravichander", "external url": "https://api.spotify.com/v1/artists/4zCH9qm4R2DADamUHMCa6O"}}}, "track63": {"Don (Original Motion Picture Soundtrack)": {"1": {"artist id": "4zCH9qm4R2DADamUHMCa6O", "artist_name": "Anirudh Ravichander", "external url": "https://api.spotify.com/v1/artists/4zCH9qm4R2DADamUHMCa6O"}, "2": {"artist id": "2AQwMDyDvgpZcHLITOpgpm", "artist_name": "Adithya RK", "external url": "https://api.spotify.com/v1/artists/2AQwMDyDvgpZcHLITOpgpm"}}}, "track64": {"Don (Original Motion Picture Soundtrack)": {"1": {"artist id": "4zCH9qm4R2DADamUHMCa6O", "artist_name": "Anirudh Ravichander", "external url": "https://api.spotify.com/v1/artists/4zCH9qm4R2DADamUHMCa6O"}, "2": {"artist id": "6R33h8YbB5fFg8RdJdQ6bL", "artist_name": "Rokesh", "external url": "https://api.spotify.com/v1/artists/6R33h8YbB5fFg8RdJdQ6bL"}}}, "track65": {"Scene Ah Scene Ah (From \"Maaveeran\")": {"1": {"artist id": "7jFE7CFeIIX7JhA8HwNH54", "artist_name": "Bharath Sankar", "external url": "https://api.spotify.com/v1/artists/7jFE7CFeIIX7JhA8HwNH54"}, "2": {"artist id": "4zCH9qm4R2DADamUHMCa6O", "artist_name": "Anirudh Ravichander", "external url": "https://api.spotify.com/v1/artists/4zCH9qm4R2DADamUHMCa6O"}}}, "track66": {"Osarattum Pathu Thala (From \"Pathu Thala\")": {"1": {"artist id": "1mYsTxnqsietFxj1OgoGbG", "artist_name": "A.R. Rahman", "external url": "https://api.spotify.com/v1/artists/1mYsTxnqsietFxj1OgoGbG"}, "2": {"artist id": "4PY2xnTu90K0hvkgcljRJl", "artist_name": "Deepthi Suresh", "external url": "https://api.spotify.com/v1/artists/4PY2xnTu90K0hvkgcljRJl"}, "3": {"artist id": "6EI5lmCSICOvroaH1bTwEj", "artist_name": "Sreekanth Hariharan", "external url": "https://api.spotify.com/v1/artists/6EI5lmCSICOvroaH1bTwEj"}, "4": {"artist id": "4sdcjfLzvLC1IUYFwCAWHn", "artist_name": "Sathyaprakash", "external url": "https://api.spotify.com/v1/artists/4sdcjfLzvLC1IUYFwCAWHn"}}}, "track67": {"Mainaru Vetti Katti (From \"Dasara\") (Tamil)": {"1": {"artist id": "5FVBduYaeVBb6JIghza7v6", "artist_name": "Santhosh Narayanan", "external url": "https://api.spotify.com/v1/artists/5FVBduYaeVBb6JIghza7v6"}, "2": {"artist id": "4zCH9qm4R2DADamUHMCa6O", "artist_name": "Anirudh Ravichander", "external url": "https://api.spotify.com/v1/artists/4zCH9qm4R2DADamUHMCa6O"}, "3": {"artist id": "77YvCBWe0tTLygpgSJsdOH", "artist_name": "Dhee", "external url": "https://api.spotify.com/v1/artists/77YvCBWe0tTLygpgSJsdOH"}}}, "track68": {"Viduthalai (Original Motion Picture Soundtrack)": {"1": {"artist id": "3m49WVMU4zCkaVEKb8kFW7", "artist_name": "Ilaiyaraaja", "external url": "https://api.spotify.com/v1/artists/3m49WVMU4zCkaVEKb8kFW7"}, "2": {"artist id": "4JczWHls9n9VpTHnqO2IG8", "artist_name": "Ananya Bhat", "external url": "https://api.spotify.com/v1/artists/4JczWHls9n9VpTHnqO2IG8"}}}, "track69": {"Onnoda Nadandhaa (From \"Viduthalai\")": {"1": {"artist id": "3m49WVMU4zCkaVEKb8kFW7", "artist_name": "Ilaiyaraaja", "external url": "https://api.spotify.com/v1/artists/3m49WVMU4zCkaVEKb8kFW7"}, "2": {"artist id": "2F3KtUVtrt2GLjcl6pB4cz", "artist_name": "Dhanush", "external url": "https://api.spotify.com/v1/artists/2F3KtUVtrt2GLjcl6pB4cz"}, "3": {"artist id": "4JczWHls9n9VpTHnqO2IG8", "artist_name": "Ananya Bhat", "external url": "https://api.spotify.com/v1/artists/4JczWHls9n9VpTHnqO2IG8"}}}, "track70": {"Pathu Thala (Original Motion Picture Soundtrack)": {"1": {"artist id": "1mYsTxnqsietFxj1OgoGbG", "artist_name": "A.R. Rahman", "external url": "https://api.spotify.com/v1/artists/1mYsTxnqsietFxj1OgoGbG"}, "2": {"artist id": "7qjJw7ZM2ekDSahLXPjIlN", "artist_name": "Sid Sriram", "external url": "https://api.spotify.com/v1/artists/7qjJw7ZM2ekDSahLXPjIlN"}}}, "track71": {"Paadatha Pattellam (From \"Rudhran\")": {"1": {"artist id": "3bACGAZLK8w1OVWOncgtKm", "artist_name": "Viswanathan\u2013Ramamoorthy", "external url": "https://api.spotify.com/v1/artists/3bACGAZLK8w1OVWOncgtKm"}, "2": {"artist id": "1IeJ7wOH2CgIca4B1CBikF", "artist_name": "Dharan Kumar", "external url": "https://api.spotify.com/v1/artists/1IeJ7wOH2CgIca4B1CBikF"}, "3": {"artist id": "4sdcjfLzvLC1IUYFwCAWHn", "artist_name": "Sathyaprakash", "external url": "https://api.spotify.com/v1/artists/4sdcjfLzvLC1IUYFwCAWHn"}, "4": {"artist id": "2rjIp8JxMfyeWWcRj2bixP", "artist_name": "Nithyashree Venkataramanan", "external url": "https://api.spotify.com/v1/artists/2rjIp8JxMfyeWWcRj2bixP"}, "5": {"artist id": "3N64thkbF77oi0Dl3bGqN8", "artist_name": "Emcee D", "external url": "https://api.spotify.com/v1/artists/3N64thkbF77oi0Dl3bGqN8"}}}, "track72": {"Varisu": {"1": {"artist id": "2FgHPfRprDaylrSRVf1UlN", "artist_name": "Thaman S", "external url": "https://api.spotify.com/v1/artists/2FgHPfRprDaylrSRVf1UlN"}, "2": {"artist id": "4zCH9qm4R2DADamUHMCa6O", "artist_name": "Anirudh Ravichander", "external url": "https://api.spotify.com/v1/artists/4zCH9qm4R2DADamUHMCa6O"}, "3": {"artist id": "00sCATpEvwH48ays7PlQFU", "artist_name": "Jonita Gandhi", "external url": "https://api.spotify.com/v1/artists/00sCATpEvwH48ays7PlQFU"}}}, "track73": {"Kannoram (From Naam Series)": {"1": {"artist id": "4ONKKiZXVVuz5nAWCUnnjG", "artist_name": "Stephen Zechariah", "external url": "https://api.spotify.com/v1/artists/4ONKKiZXVVuz5nAWCUnnjG"}, "2": {"artist id": "4fbPpuZDZjzbTdGIwhD45a", "artist_name": "Srinisha Jayaseelan", "external url": "https://api.spotify.com/v1/artists/4fbPpuZDZjzbTdGIwhD45a"}}}, "track74": {"Vilambara Idaiveli (From \"Imaikkaa Nodigal\")": {"1": {"artist id": "7zFBW2JxM4bgTTKxCRcS8Q", "artist_name": "Hiphop Tamizha", "external url": "https://api.spotify.com/v1/artists/7zFBW2JxM4bgTTKxCRcS8Q"}, "2": {"artist id": "21U7OdOREja3hRaxem7U4X", "artist_name": "Christopher Stanley", "external url": "https://api.spotify.com/v1/artists/21U7OdOREja3hRaxem7U4X"}, "3": {"artist id": "2sSILAscwBbgmjmwlecoFA", "artist_name": "Sudarshan Ashok", "external url": "https://api.spotify.com/v1/artists/2sSILAscwBbgmjmwlecoFA"}, "4": {"artist id": "4fbPpuZDZjzbTdGIwhD45a", "artist_name": "Srinisha Jayaseelan", "external url": "https://api.spotify.com/v1/artists/4fbPpuZDZjzbTdGIwhD45a"}}}, "track75": {"Maragatha Naanayam (Original Motion Picture Soundtrack)": {"1": {"artist id": "1QHr8p3h0ayWLaaYK0X6bi", "artist_name": "Dhibu Ninan Thomas", "external url": "https://api.spotify.com/v1/artists/1QHr8p3h0ayWLaaYK0X6bi"}, "2": {"artist id": "15ClyGUe5g2vllncIC4tp6", "artist_name": "Pradeep Kumar", "external url": "https://api.spotify.com/v1/artists/15ClyGUe5g2vllncIC4tp6"}}}, "track76": {"Vikram Vedha (Original Motion Picture Soundtrack)": {"1": {"artist id": "4zCH9qm4R2DADamUHMCa6O", "artist_name": "Anirudh Ravichander", "external url": "https://api.spotify.com/v1/artists/4zCH9qm4R2DADamUHMCa6O"}, "2": {"artist id": "5VAyiDhBinVfc6RM5RKnLa", "artist_name": "Sam C.S.", "external url": "https://api.spotify.com/v1/artists/5VAyiDhBinVfc6RM5RKnLa"}, "3": {"artist id": "7zAp0JbkavFg2rcMGvANtP", "artist_name": "Shakthisree Gopalan", "external url": "https://api.spotify.com/v1/artists/7zAp0JbkavFg2rcMGvANtP"}}}, "track77": {"Kaththi (Original Motion Picture Soundtrack)": {"1": {"artist id": "4zCH9qm4R2DADamUHMCa6O", "artist_name": "Anirudh Ravichander", "external url": "https://api.spotify.com/v1/artists/4zCH9qm4R2DADamUHMCa6O"}, "2": {"artist id": "3eDT9fwXKuHWFvgZaaYC5v", "artist_name": "Sunidhi Chauhan", "external url": "https://api.spotify.com/v1/artists/3eDT9fwXKuHWFvgZaaYC5v"}, "3": {"artist id": "0fhunuOz2OuOEr3YK5ctSm", "artist_name": "Thalapathy Vijay", "external url": "https://api.spotify.com/v1/artists/0fhunuOz2OuOEr3YK5ctSm"}, "4": {"artist id": "0MC4IRJmruzbwPInw7vmL7", "artist_name": "Madhan Karky", "external url": "https://api.spotify.com/v1/artists/0MC4IRJmruzbwPInw7vmL7"}}}, "track78": {"Endrendrum Harris": {"1": {"artist id": "29aw5YCdIw2FEXYyAJZI8l", "artist_name": "Harris Jayaraj", "external url": "https://api.spotify.com/v1/artists/29aw5YCdIw2FEXYyAJZI8l"}, "2": {"artist id": "6qcMtXmofIpnR9TBhgamMR", "artist_name": "Aalaap Raju", "external url": "https://api.spotify.com/v1/artists/6qcMtXmofIpnR9TBhgamMR"}, "3": {"artist id": "4joteb3wCfZYGKjvF0XvLx", "artist_name": "Prashanthini", "external url": "https://api.spotify.com/v1/artists/4joteb3wCfZYGKjvF0XvLx"}, "4": {"artist id": "1HPcBNPxeVanKe4OpBmYsu", "artist_name": "Emcee Jesz", "external url": "https://api.spotify.com/v1/artists/1HPcBNPxeVanKe4OpBmYsu"}, "5": {"artist id": "0TahQmnTdVX3rTMJkO6SpI", "artist_name": "Sri Charan", "external url": "https://api.spotify.com/v1/artists/0TahQmnTdVX3rTMJkO6SpI"}}}, "track79": {"NGK (Original Motion Picture Soundtrack)": {"1": {"artist id": "7qjJw7ZM2ekDSahLXPjIlN", "artist_name": "Sid Sriram", "external url": "https://api.spotify.com/v1/artists/7qjJw7ZM2ekDSahLXPjIlN"}, "2": {"artist id": "0oOet2f43PA68X5RxKobEy", "artist_name": "Shreya Ghoshal", "external url": "https://api.spotify.com/v1/artists/0oOet2f43PA68X5RxKobEy"}}}, "track80": {"Pyaar Prema Kaadhal (Original Motion Picture Soundtrack)": {"1": {"artist id": "7qjJw7ZM2ekDSahLXPjIlN", "artist_name": "Sid Sriram", "external url": "https://api.spotify.com/v1/artists/7qjJw7ZM2ekDSahLXPjIlN"}, "2": {"artist id": "6AiX12wXdXFoGJ2vk8zBjy", "artist_name": "Yuvan Shankar Raja", "external url": "https://api.spotify.com/v1/artists/6AiX12wXdXFoGJ2vk8zBjy"}}}, "track81": {"Thooriga (From \"Navarasa\")": {"1": {"artist id": "0LSPREIgGMZXCuKVel7LVD", "artist_name": "Karthik", "external url": "https://api.spotify.com/v1/artists/0LSPREIgGMZXCuKVel7LVD"}}}, "track82": {"So Baby (From \"Doctor\")": {"1": {"artist id": "4zCH9qm4R2DADamUHMCa6O", "artist_name": "Anirudh Ravichander", "external url": "https://api.spotify.com/v1/artists/4zCH9qm4R2DADamUHMCa6O"}, "2": {"artist id": "07ziSY1M5vTjGnNtW9WNeR", "artist_name": "Ananthakrrishnan", "external url": "https://api.spotify.com/v1/artists/07ziSY1M5vTjGnNtW9WNeR"}}}, "track83": {"Petta (Original Motion Picture Soundtrack)": {"1": {"artist id": "4zCH9qm4R2DADamUHMCa6O", "artist_name": "Anirudh Ravichander", "external url": "https://api.spotify.com/v1/artists/4zCH9qm4R2DADamUHMCa6O"}, "2": {"artist id": "2ae6PxICSOZHvjqiCcgon8", "artist_name": "S. P. Balasubrahmanyam", "external url": "https://api.spotify.com/v1/artists/2ae6PxICSOZHvjqiCcgon8"}}}, "track84": {"20 Biggest Hits : Harris Jayaraj, Vol. 2": {"1": {"artist id": "29aw5YCdIw2FEXYyAJZI8l", "artist_name": "Harris Jayaraj", "external url": "https://api.spotify.com/v1/artists/29aw5YCdIw2FEXYyAJZI8l"}, "2": {"artist id": "6HtEIJH43LAZGQx6iNCqhg", "artist_name": "Gana Bala", "external url": "https://api.spotify.com/v1/artists/6HtEIJH43LAZGQx6iNCqhg"}, "3": {"artist id": "1eWk4QMHl7GeXDEv2Rvml2", "artist_name": "MC Vickey", "external url": "https://api.spotify.com/v1/artists/1eWk4QMHl7GeXDEv2Rvml2"}}}, "track85": {"Saanjikkava (From \"Kaari\")": {"1": {"artist id": "1QcBqYUeQ4Ux3itkdDaFi0", "artist_name": "D. Imman", "external url": "https://api.spotify.com/v1/artists/1QcBqYUeQ4Ux3itkdDaFi0"}, "2": {"artist id": "7qjJw7ZM2ekDSahLXPjIlN", "artist_name": "Sid Sriram", "external url": "https://api.spotify.com/v1/artists/7qjJw7ZM2ekDSahLXPjIlN"}}}, "track86": {"Enna Nadanthalum (From \"Meesaya Murukku\")": {"1": {"artist id": "0qkE3ei6S9JhPheroVpzqn", "artist_name": "Kaushik Krish", "external url": "https://api.spotify.com/v1/artists/0qkE3ei6S9JhPheroVpzqn"}, "2": {"artist id": "7zFBW2JxM4bgTTKxCRcS8Q", "artist_name": "Hiphop Tamizha", "external url": "https://api.spotify.com/v1/artists/7zFBW2JxM4bgTTKxCRcS8Q"}}}, "track87": {"10 Endrathukulla (Original Motion Picture Soundtrack)": {"1": {"artist id": "1QcBqYUeQ4Ux3itkdDaFi0", "artist_name": "D. Imman", "external url": "https://api.spotify.com/v1/artists/1QcBqYUeQ4Ux3itkdDaFi0"}, "2": {"artist id": "4sdcjfLzvLC1IUYFwCAWHn", "artist_name": "Sathyaprakash", "external url": "https://api.spotify.com/v1/artists/4sdcjfLzvLC1IUYFwCAWHn"}}}, "track88": {"Saravanan Irukka Bayamaen (Original Motion Picture Soundtrack)": {"1": {"artist id": "1QcBqYUeQ4Ux3itkdDaFi0", "artist_name": "D. Imman", "external url": "https://api.spotify.com/v1/artists/1QcBqYUeQ4Ux3itkdDaFi0"}, "2": {"artist id": "3TUNkjIHkcvEy9oeK2D4hU", "artist_name": "Sean Roldan", "external url": "https://api.spotify.com/v1/artists/3TUNkjIHkcvEy9oeK2D4hU"}, "3": {"artist id": "38ICMLYuHXcYd3HrZiEdds", "artist_name": "Kalyani Nair", "external url": "https://api.spotify.com/v1/artists/38ICMLYuHXcYd3HrZiEdds"}}}, "track89": {"Rahman Rewind: Romance": {"1": {"artist id": "1mYsTxnqsietFxj1OgoGbG", "artist_name": "A.R. Rahman", "external url": "https://api.spotify.com/v1/artists/1mYsTxnqsietFxj1OgoGbG"}, "2": {"artist id": "0oOet2f43PA68X5RxKobEy", "artist_name": "Shreya Ghoshal", "external url": "https://api.spotify.com/v1/artists/0oOet2f43PA68X5RxKobEy"}}}, "track90": {"Aadukalam (Original Motion Picture Soundtrack)": {"1": {"artist id": "5VVN3xZw1i2qihfITZlvCZ", "artist_name": "G. V. Prakash", "external url": "https://api.spotify.com/v1/artists/5VVN3xZw1i2qihfITZlvCZ"}, "2": {"artist id": "70jbLrKZefy2ynyGrHvVNi", "artist_name": "Velmurugan", "external url": "https://api.spotify.com/v1/artists/70jbLrKZefy2ynyGrHvVNi"}}}}