{"track0": {"album_id": "1swku6qb12p9zSJ13Kul0o", "album_name": "Whistle Podu (From \"The Greatest Of All Time\")", "album_release_date": "2024-04-14", "album_total_tracks": 1, "album_url": "https://open.spotify.com/track/6GH5qLVhOvbgRvqFdAKQ9a"}, "track1": {"album_id": "3JiVWzoQqLwmH8DcayvdQ6", "album_name": "Hayyoda (From \"Jawan\")", "album_release_date": "2023-08-14", "album_total_tracks": 1, "album_url": "https://open.spotify.com/track/6aQIGqAo9PxRKjUkhYtR6R"}, "track2": {"album_id": "4gKYKbIsDeQSlWIiukYV3P", "album_name": "Urugi Urugi (From \"Joe\")", "album_release_date": "2023-05-24", "album_total_tracks": 1, "album_url": "https://open.spotify.com/track/1pTkmFDgxz09fg6Mu1mBpH"}, "track3": {"album_id": "4BlgOYbwSOCeJueIHUG9wp", "album_name": "Aradhya (From \"Kushi\") (Tamil)", "album_release_date": "2023-07-12", "album_total_tracks": 1, "album_url": "https://open.spotify.com/track/0H419AjRA2CY6RtjNT1q1l"}, "track4": {"album_id": "6ndlH0frO7Ol70wcwNrcIS", "album_name": "Maamadura (From \"Jigarthanda DoubleX\")", "album_release_date": "2023-10-09", "album_total_tracks": 1, "album_url": "https://open.spotify.com/track/5DezAsjtSLUxW9j00eh0Ia"}, "track5": {"album_id": "7zJ5qxeFanSZgXeZoD820s", "album_name": "Adhirudha (From \"Mark Antony\")", "album_release_date": "2023-07-15", "album_total_tracks": 1, "album_url": "https://open.spotify.com/track/4u7dTTr6SApQiy7eBWARZI"}, "track6": {"album_id": "09fIr7A4cAEktUmCMg7dJd", "album_name": "Hukum - Thalaivar Alappara (From \"Jailer\")", "album_release_date": "2023-07-17", "album_total_tracks": 1, "album_url": "https://open.spotify.com/track/3pDbPKZHrpHAWcJVMsrNwA"}, "track7": {"album_id": "7qRoSVSyHeA9qtOXUpBwRI", "album_name": "Naa Ready (From \"Leo\")", "album_release_date": "2023-06-22", "album_total_tracks": 1, "album_url": "https://open.spotify.com/track/1B02UI29t3PTh3m98absaP"}, "track8": {"album_id": "61DkChDkz3MoWGypHYVdCP", "album_name": "Adheeraa (From \"Cobra\")", "album_release_date": "2022-04-22", "album_total_tracks": 1, "album_url": "https://open.spotify.com/track/4381FmKZc1uT2zzhBiknH7"}, "track9": {"album_id": "6AAmx1iFWvJqoKxDBOTuVV", "album_name": "Veera Soora (From \"Naane Varuvean\")", "album_release_date": "2022-09-07", "album_total_tracks": 1, "album_url": "https://open.spotify.com/track/0lNr0bkRupchqckGeSMSpZ"}, "track10": {"album_id": "3YdrTcu1YnQAcjJwnNeYgI", "album_name": "Modern Love (Chennai) [Original Series Soundtrack]", "album_release_date": "2023-05-12", "album_total_tracks": 18, "album_url": "https://open.spotify.com/track/2uOBQMz765cr8gnLwPPMv1"}, "track11": {"album_id": "4AjbDxRpAqUcm6GObKKmnm", "album_name": "Naan Gaali (From \"Good Night\")", "album_release_date": "2023-04-03", "album_total_tracks": 1, "album_url": "https://open.spotify.com/track/2jG1qOcH57ZAsWARKfminr"}, "track12": {"album_id": "7l5DHD6i8fUvhPoOs95cfP", "album_name": "Iraivi (Original Motion Picture Soundtrack)", "album_release_date": "2016-04-15", "album_total_tracks": 6, "album_url": "https://open.spotify.com/track/0Tr96i1fHT4YhdYh5pXHUk"}, "track13": {"album_id": "6tspDejx5wSiwaF9ujyT7W", "album_name": "Ranjithame (From \"Varisu\")", "album_release_date": "2022-11-05", "album_total_tracks": 1, "album_url": "https://open.spotify.com/track/1LbBOhicFmu7ktJqIHCELt"}, "track14": {"album_id": "3OUj9ygj2KRcnKY1a1daGt", "album_name": "Arabic Kuthu - Halamithi Habibo (From \"Beast\")", "album_release_date": "2022-02-14", "album_total_tracks": 1, "album_url": "https://open.spotify.com/track/6yvxu91deFKt3X1QoV6qMv"}, "track15": {"album_id": "6lxJ6xdX66dSk6qunfYNkA", "album_name": "Prince (Tamil)", "album_release_date": "2022-09-01", "album_total_tracks": 1, "album_url": "https://open.spotify.com/track/1Hdz67JES35Z4h3Yd4PXvV"}, "track16": {"album_id": "7u2XibFdWx7ru0qUKHgkOe", "album_name": "Ennai Vittu (From \"Love Today\")", "album_release_date": "2022-08-12", "album_total_tracks": 1, "album_url": "https://open.spotify.com/track/3LP4QpKptfe2yEC7oG5iNa"}, "track17": {"album_id": "209RZfNZtgSqyavgunoMvr", "album_name": "Thenmozhi (From \"Thiruchitrambalam\")", "album_release_date": "2022-07-30", "album_total_tracks": 1, "album_url": "https://open.spotify.com/track/1Nr46gjiP50uPsz30gYhAd"}, "track18": {"album_id": "6ID1od4fd4L19s7ZjoCeW4", "album_name": "Vendhu Thanindhathu Kaadu (Original Motion Picture Soundtrack)", "album_release_date": "2022-09-02", "album_total_tracks": 5, "album_url": "https://open.spotify.com/track/3i7qScF9Oyp31O9bAutJez"}, "track19": {"album_id": "4thX43Eb58eteV7DriC6H0", "album_name": "Love Today (Original Motion Picture Soundtrack)", "album_release_date": "2022-11-07", "album_total_tracks": 5, "album_url": "https://open.spotify.com/track/5jmW454u8igkIgEVgvfSOE"}, "track20": {"album_id": "4thX43Eb58eteV7DriC6H0", "album_name": "Love Today (Original Motion Picture Soundtrack)", "album_release_date": "2022-11-07", "album_total_tracks": 5, "album_url": "https://open.spotify.com/track/0Nh5RfrURN25YuqAubF8ub"}, "track21": {"album_id": "6ORDYnNAskVUmXrb0UnU8F", "album_name": "Kanja Poovu Kannala (From \"Viruman\")", "album_release_date": "2022-05-25", "album_total_tracks": 1, "album_url": "https://open.spotify.com/track/78tblPcz2otRZd1VOeU7zz"}, "track22": {"album_id": "6L4ZkUiJTwo2e1E9e31ds3", "album_name": "Thangamagan (Original Motion Picture Soundtrack)", "album_release_date": "2015-11-27", "album_total_tracks": 4, "album_url": "https://open.spotify.com/track/2109dBho14Lqh2wr8goqAP"}, "track23": {"album_id": "1JOGTaUwTOfeW70ed3rRr2", "album_name": "Private Party (From \"Don\")", "album_release_date": "2022-04-30", "album_total_tracks": 1, "album_url": "https://open.spotify.com/track/6eYsOcDdB5b6rTO5ubMxeV"}, "track24": {"album_id": "7ywJmodDrksHrxbnqHSDuT", "album_name": "Raavanan (Original Motion Picture Soundtrack)", "album_release_date": "2010-10-14", "album_total_tracks": 11, "album_url": "https://open.spotify.com/track/5jOi67yXzjpMdl6KFNWSIe"}, "track25": {"album_id": "5ew5gwOY08KDzjhPidH64L", "album_name": "Aayitha Ezhutu (Original Motion Picture Soundtrack)", "album_release_date": "2004-02-27", "album_total_tracks": 6, "album_url": "https://open.spotify.com/track/1AU04y9Bvi5UxomIoBMpCy"}, "track26": {"album_id": "3Rwd1j6rdOs7M9PLCkqcOi", "album_name": "Viruman (Original Motion Picture Soundtrack)", "album_release_date": "2022-08-03", "album_total_tracks": 3, "album_url": "https://open.spotify.com/track/3eFoAIpRrhGCEISQxnoNFI"}, "track27": {"album_id": "6Q5BlmKZZMqkilmi40Sta2", "album_name": "The Warriorr (Tamil)", "album_release_date": "2022-04-22", "album_total_tracks": 1, "album_url": "https://open.spotify.com/track/78g1KU3zvKQLS5emtG9Xiu"}, "track28": {"album_id": "2ONwgvLKEYR7wn8dfoX9yE", "album_name": "Dippam Dappam (From \"Kaathuvaakula Rendu Kaadhal\")", "album_release_date": "2022-04-20", "album_total_tracks": 1, "album_url": "https://open.spotify.com/track/2vkNA9I029dTwX0y6d59Sc"}, "track29": {"album_id": "4jFrwveExsKoWw4uxDu8kz", "album_name": "Thaai Kelavi (From \"Thiruchitrambalam\")", "album_release_date": "2022-06-24", "album_total_tracks": 1, "album_url": "https://open.spotify.com/track/1pean7zvZUqcWZaUucH63f"}, "track30": {"album_id": "2mtWpU8LaaIDWGA3dtGEUC", "album_name": "Jolly O Gymkhana (From \"Beast\")", "album_release_date": "2022-03-19", "album_total_tracks": 1, "album_url": "https://open.spotify.com/track/6lpbzOMBOYHRsp6WEMvRvn"}, "track31": {"album_id": "4GU1vqDAiySfL0K3sXLpT2", "album_name": "Porkanda Singam (EDM Version) [From \"Vikram\"]", "album_release_date": "2022-06-24", "album_total_tracks": 1, "album_url": "https://open.spotify.com/track/12LE4Omy9ze8xTOMofMVB3"}, "track32": {"album_id": "3cXSg3K9z6fZAd1lWmqvrc", "album_name": "Jalabulajangu (From \"Don\")", "album_release_date": "2021-12-16", "album_total_tracks": 1, "album_url": "https://open.spotify.com/track/4HdzYTQiouB9BVYX7JOrhh"}, "track33": {"album_id": "4ngv1dF4dr1Hz37qanw0IO", "album_name": "Pathala Pathala (From \"Vikram\")", "album_release_date": "2022-05-11", "album_total_tracks": 1, "album_url": "https://open.spotify.com/track/5WWplXimzIjlJiN2N7T9Q3"}, "track34": {"album_id": "0FIP7MeIO3yqL8K6uTz3b1", "album_name": "Vikram (Original Motion Picture Soundtrack)", "album_release_date": "2022-05-15", "album_total_tracks": 5, "album_url": "https://open.spotify.com/track/6FQQiTpYnfc5803p84bQp1"}, "track35": {"album_id": "55ocrn3kExKaTHbH2P8DJg", "album_name": "Kgf Chapter 2", "album_release_date": "2022-04-14", "album_total_tracks": 4, "album_url": "https://open.spotify.com/track/0SeQF0O4k5Fj91qZOspKYe"}, "track36": {"album_id": "6uKJR9Uix8rSI2ui9TmWMS", "album_name": "Bachelor (Original Motion Picture Soundtrack)", "album_release_date": "2021-11-26", "album_total_tracks": 5, "album_url": "https://open.spotify.com/track/6ot9hTwAduVH0MewyFpiMw"}, "track37": {"album_id": "3hDQpJsEBtu5cIXUtC8ykc", "album_name": "Mudhal Nee Mudivum Nee Title Track (From \"Mudhal Nee Mudivum Nee\")", "album_release_date": "2020-09-02", "album_total_tracks": 1, "album_url": "https://open.spotify.com/track/1AzNN19lPYC68iacrbWL8X"}, "track38": {"album_id": "0sq7cT64heLZfuOJUsm1Ak", "album_name": "Tum Tum (From \"Enemy - Tamil\")", "album_release_date": "2021-09-03", "album_total_tracks": 1, "album_url": "https://open.spotify.com/track/3H3x4NhR3wJh6IvRHmPvkd"}, "track39": {"album_id": "2HsFQRxJln6Q9XEf6DbhZ4", "album_name": "Bae (From \"Don\")", "album_release_date": "2022-02-03", "album_total_tracks": 1, "album_url": "https://open.spotify.com/track/5D507IC1VOAg7bKkmOblr6"}, "track40": {"album_id": "05sVssLlubTOwlcp2pYpio", "album_name": "Two Two Two (From \"Kaathuvaakula Rendu Kaadhal\")", "album_release_date": "2021-09-18", "album_total_tracks": 1, "album_url": "https://open.spotify.com/track/6C8JJFoGC4dkVtAHVK3iif"}, "track41": {"album_id": "0SOw7gw33kUZHgyZpLY1Jh", "album_name": "Vaathi Coming (From \"Master\")", "album_release_date": "2020-03-10", "album_total_tracks": 1, "album_url": "https://open.spotify.com/track/4dJrjWtAhEkW7VdPYSL1Ip"}, "track42": {"album_id": "0ajbKuAGjGt7VBJeKpYyu8", "album_name": "Chellamma (From \"Doctor\")", "album_release_date": "2020-07-16", "album_total_tracks": 1, "album_url": "https://open.spotify.com/track/0fGclndst25Qqy8j4u5De5"}, "track43": {"album_id": "7DbivwZgoK0AXocXHom4RV", "album_name": "Naattu Koothu (From \"Rrr\")", "album_release_date": "2021-11-10", "album_total_tracks": 1, "album_url": "https://open.spotify.com/track/61LeFCT6Nnkv55AiSgZCre"}, "track44": {"album_id": "6mirm559XB8jiveF7ONuUx", "album_name": "Pushpa - The Rise", "album_release_date": "2021-12-10", "album_total_tracks": 1, "album_url": "https://open.spotify.com/track/28fPIWqAfqoEEGSb0rA4LZ"}, "track45": {"album_id": "55ocrn3kExKaTHbH2P8DJg", "album_name": "Kgf Chapter 2", "album_release_date": "2022-04-14", "album_total_tracks": 4, "album_url": "https://open.spotify.com/track/1mwyjw8qqdtM5mX9lCBg6Q"}, "track46": {"album_id": "2tWMHOkDRvyWN6yY57limX", "album_name": "Kaattu Payale (From \"Soorarai Pottru\")", "album_release_date": "2020-07-23", "album_total_tracks": 1, "album_url": "https://open.spotify.com/track/2b4nWymybHj38A6XtQijiA"}, "track47": {"album_id": "4QHNXgyNYiMewgQYO3rdSy", "album_name": "Adipoli (From \"Think Originals\")", "album_release_date": "2021-08-20", "album_total_tracks": 1, "album_url": "https://open.spotify.com/track/1rvJahl2EPy25dSsBNzTr4"}, "track48": {"album_id": "3nfV4cQnlyNETxtXfKr3IT", "album_name": "Enjoy Enjaami", "album_release_date": "2021-03-05", "album_total_tracks": 1, "album_url": "https://open.spotify.com/track/1baHxgYktT8eDdmtTozJF9"}, "track49": {"album_id": "31MR3zKN2y1tEwPpI9i5j7", "album_name": "Dikkiloona (Original Motion Picture Soundtrack)", "album_release_date": "2021-02-27", "album_total_tracks": 4, "album_url": "https://open.spotify.com/track/21r0QnhYxsxYUsoov5o0IF"}, "track50": {"album_id": "3YSoAYHmI70SD6Wb7f4k1q", "album_name": "Rakita Rakita Rakita (From \"Jagame Thandhiram\")", "album_release_date": "2020-07-28", "album_total_tracks": 1, "album_url": "https://open.spotify.com/track/2oNRoniEFnPdaCfkOQ9m0C"}, "track51": {"album_id": "53xK2qW53doSVnfWafunKQ", "album_name": "Bodhai Kaname (From \"Oh Manapenne\")", "album_release_date": "2021-07-30", "album_total_tracks": 1, "album_url": "https://open.spotify.com/track/4qIMmEjV8gaEsfZML9LALx"}, "track52": {"album_id": "5G0ShngTfASzTfVDOSOM5p", "album_name": "Vaathi", "album_release_date": "2022-11-10", "album_total_tracks": 1, "album_url": "https://open.spotify.com/track/0cgwdBXXlPfXJXWf3wMs32"}, "track53": {"album_id": "5b57LEW0l5UPYSzgIyAnTT", "album_name": "Pacha Elai (From \"Love Today\")", "album_release_date": "2022-10-17", "album_total_tracks": 1, "album_url": "https://open.spotify.com/track/4JO0JV8cZ4JnB777tmNKh9"}, "track54": {"album_id": "4thX43Eb58eteV7DriC6H0", "album_name": "Love Today (Original Motion Picture Soundtrack)", "album_release_date": "2022-11-07", "album_total_tracks": 5, "album_url": "https://open.spotify.com/track/1iAtPaOSqv78DP4pvJWxTs"}, "track55": {"album_id": "768hQJ2fKFv4Lq4TE0J1Hj", "album_name": "Prince (Tamil)", "album_release_date": "2022-10-14", "album_total_tracks": 1, "album_url": "https://open.spotify.com/track/1zPlQih67ZvC3Xp6c2dxUI"}, "track56": {"album_id": "30U9nwOMtDwQWY3I6cwR0H", "album_name": "Saachitale (From \"Love Today\")", "album_release_date": "2022-08-02", "album_total_tracks": 1, "album_url": "https://open.spotify.com/track/1GtGDEADkaqavjo23YaSLl"}, "track57": {"album_id": "4thX43Eb58eteV7DriC6H0", "album_name": "Love Today (Original Motion Picture Soundtrack)", "album_release_date": "2022-11-07", "album_total_tracks": 5, "album_url": "https://open.spotify.com/track/7FsAdgPI7Q9hATDOoyErm6"}, "track58": {"album_id": "0nWCZqZnuPLpslktdJCXco", "album_name": "Yaarum illa (From \"Naane Varuvean\")", "album_release_date": "2022-10-01", "album_total_tracks": 1, "album_url": "https://open.spotify.com/track/4OtqlH4UCGzV8fLy36STjE"}, "track59": {"album_id": "27abynwxVqQdw5HxC54tHJ", "album_name": "Marakkuma Nenjam (From \"Vendhu Thanindhathu Kaadu\")", "album_release_date": "2022-08-14", "album_total_tracks": 1, "album_url": "https://open.spotify.com/track/4Jr0O3zgoKEk71sIlABkLp"}, "track60": {"album_id": "5QlbnAP1xU0GMwpjchHLA3", "album_name": "Cobra (Original Motion Picture Soundtrack)", "album_release_date": "2022-07-12", "album_total_tracks": 5, "album_url": "https://open.spotify.com/track/5SXwKl2nWY1No4wZ0FJDHN"}, "track61": {"album_id": "3Rwd1j6rdOs7M9PLCkqcOi", "album_name": "Viruman (Original Motion Picture Soundtrack)", "album_release_date": "2022-08-03", "album_total_tracks": 3, "album_url": "https://open.spotify.com/track/1KYqHPwbceagFffliE7fBg"}, "track62": {"album_id": "6S5qpNyT3ZAg7m0e2XSOqx", "album_name": "Vikram (Original Background Score)", "album_release_date": "2022-07-07", "album_total_tracks": 21, "album_url": "https://open.spotify.com/track/3Vb8KkT6Ub5fFGPYJCJyLh"}, "track63": {"album_id": "6kNAeOCtoLHlxTsokhiR1u", "album_name": "Don (Original Motion Picture Soundtrack)", "album_release_date": "2022-05-12", "album_total_tracks": 3, "album_url": "https://open.spotify.com/track/4n7h0fD56BijrFnxNJ2ifV"}, "track64": {"album_id": "6kNAeOCtoLHlxTsokhiR1u", "album_name": "Don (Original Motion Picture Soundtrack)", "album_release_date": "2022-05-12", "album_total_tracks": 3, "album_url": "https://open.spotify.com/track/4lS1ldfypKYEwKqbu3a04x"}, "track65": {"album_id": "4qZDiaMcjNTVhB96UWyyzs", "album_name": "Scene Ah Scene Ah (From \"Maaveeran\")", "album_release_date": "2023-02-17", "album_total_tracks": 1, "album_url": "https://open.spotify.com/track/07CD0VJv0jGRNM0YAi1fRi"}, "track66": {"album_id": "2iJ80LZlLGk7G8Fkc8gcW8", "album_name": "Osarattum Pathu Thala (From \"Pathu Thala\")", "album_release_date": "2023-03-28", "album_total_tracks": 1, "album_url": "https://open.spotify.com/track/1IevAM0Sl5iUIxGWDOXIar"}, "track67": {"album_id": "5aAOwRKsCpxhvsTZFExfTV", "album_name": "Mainaru Vetti Katti (From \"Dasara\") (Tamil)", "album_release_date": "2023-03-09", "album_total_tracks": 1, "album_url": "https://open.spotify.com/track/1hSbtbX2cVbSyBVqoYHjSj"}, "track68": {"album_id": "6B4QVNX6NKy1EkU3a8bGe4", "album_name": "Viduthalai (Original Motion Picture Soundtrack)", "album_release_date": "2023-03-08", "album_total_tracks": 3, "album_url": "https://open.spotify.com/track/5HgXSvl2YoBtEY623UsACk"}, "track69": {"album_id": "42x5rRggRUdH3v6vbdHNxP", "album_name": "Onnoda Nadandhaa (From \"Viduthalai\")", "album_release_date": "2023-02-08", "album_total_tracks": 1, "album_url": "https://open.spotify.com/track/1go9gWdOHiQIrLqTrAklti"}, "track70": {"album_id": "6y3yImd357ZGmMfb0mb1ts", "album_name": "Pathu Thala (Original Motion Picture Soundtrack)", "album_release_date": "2023-03-18", "album_total_tracks": 4, "album_url": "https://open.spotify.com/track/0vua5LbAth2HzKqpbnVRZk"}, "track71": {"album_id": "3fef3KfCF2h6ZFPlWGRUcN", "album_name": "Paadatha Pattellam (From \"Rudhran\")", "album_release_date": "2023-02-11", "album_total_tracks": 1, "album_url": "https://open.spotify.com/track/56axMhZtTpCHne0eJcmGwN"}, "track72": {"album_id": "0v5sodl4XQptOtB7iD9SNy", "album_name": "Varisu", "album_release_date": "2022-12-24", "album_total_tracks": 5, "album_url": "https://open.spotify.com/track/7fRIo7WyDxXn3r233GCcdL"}, "track73": {"album_id": "0OX03EF2d7QRRzx8YtANXQ", "album_name": "Kannoram (From Naam Series)", "album_release_date": "2022-12-09", "album_total_tracks": 1, "album_url": "https://open.spotify.com/track/7xTmIc0MszfsbUOpXK5FeJ"}, "track74": {"album_id": "5JuoaH3XtrMMpoMehDSA7n", "album_name": "Vilambara Idaiveli (From \"Imaikkaa Nodigal\")", "album_release_date": "2018-03-05", "album_total_tracks": 1, "album_url": "https://open.spotify.com/track/4sCcDvX30uu39ozvxcRsqB"}, "track75": {"album_id": "2ZD93IwA101GrvSLMwG3Sj", "album_name": "Maragatha Naanayam (Original Motion Picture Soundtrack)", "album_release_date": "2017-01-19", "album_total_tracks": 5, "album_url": "https://open.spotify.com/track/6R0FwF48PO2BrdZpLeWi42"}, "track76": {"album_id": "70cftH7NeXGgJYH3iyos0m", "album_name": "Vikram Vedha (Original Motion Picture Soundtrack)", "album_release_date": "2017-06-19", "album_total_tracks": 10, "album_url": "https://open.spotify.com/track/5NEGfbKMcNuEWOzpWufScA"}, "track77": {"album_id": "2jo4lZjhgTwX7ldHD5hl1t", "album_name": "Kaththi (Original Motion Picture Soundtrack)", "album_release_date": "2014-09-18", "album_total_tracks": 7, "album_url": "https://open.spotify.com/track/5xwM2yTshGrx5azFpwIkgG"}, "track78": {"album_id": "4yrbxllgw6mkactClw5XFD", "album_name": "Endrendrum Harris", "album_release_date": "2014-01-10", "album_total_tracks": 10, "album_url": "https://open.spotify.com/track/3woADSzwL2s3kEZtGsrCyD"}, "track79": {"album_id": "0PSOoUkPG2oOSOVqAk3L7r", "album_name": "NGK (Original Motion Picture Soundtrack)", "album_release_date": "2019-04-30", "album_total_tracks": 4, "album_url": "https://open.spotify.com/track/6qRiVOBexkxK4BxSt1j6rn"}, "track80": {"album_id": "46lQIQOAUOOKiOZFYFPJHh", "album_name": "Pyaar Prema Kaadhal (Original Motion Picture Soundtrack)", "album_release_date": "2018-02-13", "album_total_tracks": 13, "album_url": "https://open.spotify.com/track/0zDmCKN7OlRmNmeiiJAyOR"}, "track81": {"album_id": "21xzjyEysKTj6xEdceEa2E", "album_name": "Thooriga (From \"Navarasa\")", "album_release_date": "2021-07-12", "album_total_tracks": 1, "album_url": "https://open.spotify.com/track/19O4hCGGm95UhvIyhwnNT5"}, "track82": {"album_id": "28Y5P0FADbgckRg1E5E5Dp", "album_name": "So Baby (From \"Doctor\")", "album_release_date": "2021-02-25", "album_total_tracks": 1, "album_url": "https://open.spotify.com/track/0t0mHozF8Xsif9w8bemh9D"}, "track83": {"album_id": "3NAMtgP845mM6cJjYDYy1g", "album_name": "Petta (Original Motion Picture Soundtrack)", "album_release_date": "2018-12-10", "album_total_tracks": 11, "album_url": "https://open.spotify.com/track/7j7fS14vlwVk0Pfnr0hovC"}, "track84": {"album_id": "3jKtJFuZ84pzllfNvqQMr4", "album_name": "20 Biggest Hits : Harris Jayaraj, Vol. 2", "album_release_date": "2017-05-26", "album_total_tracks": 20, "album_url": "https://open.spotify.com/track/6SkMXIqCaFtWwtwXLHVpmz"}, "track85": {"album_id": "4OCpQzSXbW1G754tPR6Qd3", "album_name": "Saanjikkava (From \"Kaari\")", "album_release_date": "2022-06-14", "album_total_tracks": 1, "album_url": "https://open.spotify.com/track/2jWyHwbUrcQ3UPf5CP9jlU"}, "track86": {"album_id": "2P6yNwDBZNhLEh0YmetUyb", "album_name": "Enna Nadanthalum (From \"Meesaya Murukku\")", "album_release_date": "2017-04-21", "album_total_tracks": 1, "album_url": "https://open.spotify.com/track/19AWhe8D911fAjq2Xp5aFh"}, "track87": {"album_id": "0qL4MwrRsAqNKQM3d5KYPh", "album_name": "10 Endrathukulla (Original Motion Picture Soundtrack)", "album_release_date": "2015-10-06", "album_total_tracks": 8, "album_url": "https://open.spotify.com/track/0P91S7GzNACMcEDTnDo5BP"}, "track88": {"album_id": "15YFyVaiQd5kH9JGgr673R", "album_name": "Saravanan Irukka Bayamaen (Original Motion Picture Soundtrack)", "album_release_date": "2017-03-28", "album_total_tracks": 9, "album_url": "https://open.spotify.com/track/0srLmMJws5nv8d1n9qrtro"}, "track89": {"album_id": "6a2WdVf96Fuf59EyV19IaV", "album_name": "Rahman Rewind: Romance", "album_release_date": "2019-01-04", "album_total_tracks": 15, "album_url": "https://open.spotify.com/track/5ghbwjKyLxrD1Q8913TlgH"}, "track90": {"album_id": "0czPRsN8uZZ5o3J8usUHbR", "album_name": "Aadukalam (Original Motion Picture Soundtrack)", "album_release_date": "2010-11-08", "album_total_tracks": 7, "album_url": "https://open.spotify.com/track/7lnRiEP7BHXuILXNY9MH8f"}}